{
  "model": "Random Forest",
  "metrics": {
    "accuracy": 0.9669782769520479,
    "precision": 0.9598363703979175,
    "recall": 0.9788874841972187,
    "f1_score": 0.969268323214621
  },
  "classification_report": {
    "arp_spoofing": {
      "precision": 0.9754483975301382,
      "recall": 0.9534415864348326,
      "f1-score": 0.9643194535280866,
      "support": 6959.0
    },
    "normal": {
      "precision": 0.9598363703979175,
      "recall": 0.9788874841972187,
      "f1-score": 0.969268323214621,
      "support": 7910.0
    },
    "accuracy": 0.9669782769520479,
    "macro avg": {
      "precision": 0.9676423839640278,
      "recall": 0.9661645353160256,
      "f1-score": 0.9667938883713538,
      "support": 14869.0
    },
    "weighted avg": {
      "precision": 0.9671431224870374,
      "recall": 0.9669782769520479,
      "f1-score": 0.96695214968926,
      "support": 14869.0
    }
  },
  "n_estimators": 100,
  "max_depth": 30,
  "test_samples": 14869
}