{
  "test": {
    "acc": 0.9217215870880968,
    "prec": 0.9229197080291971,
    "recall": 0.9085944236849669,
    "f1": 0.9157010428736964,
    "auc": 0.9751598570187557,
    "best_threshold_f1": {
      "threshold": 0.55,
      "accuracy": 0.924142568930733,
      "precision": 0.9298142140961368,
      "recall": 0.9062949123311297,
      "f1": 0.9179039301310044
    },
    "confusion_matrix": [
      [
        3692,
        264
      ],
      [
        318,
        3161
      ]
    ]
  },
  "deploy": {
    "acc": 0.9229320780094149,
    "prec": 0.9276257722859664,
    "recall": 0.9060344827586206,
    "f1": 0.9167030091583079,
    "auc": 0.9747245593385355,
    "best_threshold_f1": {
      "threshold": 0.55,
      "accuracy": 0.9244115669132481,
      "precision": 0.9331947743467933,
      "recall": 0.9031609195402299,
      "f1": 0.9179322429906542
    },
    "confusion_matrix": [
      [
        3709,
        246
      ],
      [
        327,
        3153
      ]
    ]
  }
}