{
  "timestamp": "2025-10-30T23:30:41.186213",
  "metrics": {
    "accuracy": 0.9997814170898207,
    "precision": 0.999968384445147,
    "recall": 0.9996207452356121,
    "f1_score": 0.9997945346209164,
    "cv_accuracy_mean": 0.9658169625442282,
    "cv_accuracy_std": 0.0011532425777178077,
    "training_time": 19.670476,
    "n_estimators": 100,
    "max_depth": 30,
    "n_samples": 59474,
    "n_classes": 2,
    "roc_auc": 0.9999997768728929
  },
  "hyperparameters": {
    "n_estimators": 100,
    "max_depth": 30,
    "min_samples_split": 2,
    "min_samples_leaf": 1,
    "max_features": "sqrt",
    "class_weight": "balanced"
  }
}